URL,Version,Status,OIDs,Name,Title,Description,Uses,Used,Sources
http://hl7.org/fhir/ValueSet/contact-point-system,4.0.1,active,"2.16.840.1.113883.4.642.3.71",ContactPointSystem,ContactPointSystem,"Telecommunications form for contact point.","StructureDefinition/ems-patient","hl7.fhir.r4.core"
http://hl7.org/fhir/ValueSet/ucum-bodylength,4.0.1,draft,"2.16.840.1.113883.4.642.3.958",BodyLengthUnits,Body Length Units,"UCUM units for recording body length measures such as height and head circumference","StructureDefinition/ext-ems-airway-context","UCUM"
http://hl7.org/fhir/ValueSet/yesnodontknow,4.0.1,draft,,Yes/No/Don't Know,,"For Capturing simple yes-no-don't know answers","StructureDefinition/ext-ems-scene-details,StructureDefinition/ext-ems-procedure-context,StructureDefinition/ext-ems-vital-obtained-prior,StructureDefinition/ext-ems-medication-context","THO"
http://hl7.org/fhir/us/core/ValueSet/us-core-clinical-result-observation-category,6.1.0,active,,USCoreClinicalResultObservationCategory,US Core Clinical Result Observation Category,"Used to classify the context of clinical result observations.","StructureDefinition/ems-observation-labs","THO"
http://hl7.org/fhir/us/core/ValueSet/us-core-condition-code,6.1.0,active,,USCoreConditionCodes,US Core Condition Codes,"This describes the problem. Diagnosis/Problem List is broadly defined as a series of brief statements that catalog a patient's medical, nursing, dental, social, preventative and psychiatric events and issues that are relevant to that patient's healthcare (e.g., signs, symptoms, and defined conditions). ICD-10 is appropriate for Diagnosis information, and ICD-9 for historical information.","StructureDefinition/ems-condition","SCT,FHIR,hl7.terminology.r4"
http://hl7.org/fhir/us/core/ValueSet/us-core-procedure-code,6.1.0,active,,USCoreProcedureCodes,US Core Procedure Codes,"Concepts from CPT, SNOMED CT, HCPCS Level II Alphanumeric Codes, ICD-10-PCS,CDT and LOINC code systems that can be used to indicate the type of procedure performed.","StructureDefinition/ems-procedure","SCT,LOINC,hl7.terminology.r4"
http://hl7.org/fhir/us/core/ValueSet/us-core-usps-state,6.1.0,active,"2.16.840.1.113883.4.642.3.40",UspsTwoLetterAlphabeticCodes,USPS Two Letter Alphabetic Codes,"This value set defines two letter USPS alphabetic codes.","StructureDefinition/ems-patient","Other"
https://fhirems.github.io/fhirEMSCoreIG/ValueSet/vs-ems-acn-seat-location,0.2.0,active,"2.25.219926138944530828037824748808947630693.2.1",EMSACNSeatLocationVS,EMS ACN Vehicle Seat Location VS,"Automated Collision Notification (ACN) vehicle seat location of the patient (eInjury.26).","StructureDefinition/ext-ems-acn-incident","Internal"
https://fhirems.github.io/fhirEMSCoreIG/ValueSet/vs-ems-additional-response-mode,0.2.0,active,"2.25.219926138944530828037824748808947630693.2.2",EMSAdditionalResponseModeVS,EMS Additional Response Mode Descriptors (ValueSet),"NEMSIS eResponse.24 - Additional descriptors of response mode (lights, sirens, speed, intersection navigation).","StructureDefinition/ext-ems-additional-response-mode","Internal"
https://fhirems.github.io/fhirEMSCoreIG/ValueSet/vs-ems-additional-transport-mode,0.2.0,active,"2.25.219926138944530828037824748808947630693.2.3",EMSAdditionalTransportModeVS,EMS Additional Transport Mode Descriptors,"NEMSIS eDisposition.18 - Additional descriptors of transport mode (lights, sirens, speed, intersection navigation).","StructureDefinition/ext-ems-transport-details","Internal"
https://fhirems.github.io/fhirEMSCoreIG/ValueSet/vs-ems-advance-directives,0.2.0,active,"2.25.219926138944530828037824748808947630693.2.130",EMSAdvanceDirectivesVS,EMS Advance Directives VS,"The type of advance directive documentation present for the patient (eHistory.05).","StructureDefinition/ext-ems-history-context","Internal"
https://fhirems.github.io/fhirEMSCoreIG/ValueSet/vs-ems-aed-use,0.2.0,active,"2.25.219926138944530828037824748808947630693.2.4",EMSAEDUseVS,EMS AED Use VS,"Whether an AED was used prior to EMS arrival (eArrest.07).","StructureDefinition/ext-ems-arrest-context","Internal"
https://fhirems.github.io/fhirEMSCoreIG/ValueSet/vs-ems-age-units,0.2.0,active,"2.25.219926138944530828037824748808947630693.2.5",EMSAgeUnitsVS,EMS Age Units,"NEMSIS ePatient.16 - Units of measure for the patient's age when exact date of birth is unknown. Used alongside ePatient.15 (Age).","StructureDefinition/ext-ems-patient-age","Internal"
https://fhirems.github.io/fhirEMSCoreIG/ValueSet/vs-ems-agency-contact-type,0.2.0,active,"2.25.219926138944530828037824748808947630693.2.146",EMSAgencyContactTypeVS,EMS AgencyContactType VS,"The role/type of the agency contact person (dContact.01).","StructureDefinition/ems-organization","Internal"
https://fhirems.github.io/fhirEMSCoreIG/ValueSet/vs-ems-agency-level-of-service,0.2.0,active,"2.25.219926138944530828037824748808947630693.2.6",EMSAgencyLevelOfServiceVS,EMS Agency Level of Service,"NEMSIS dAgency.11 - The highest level of care the EMS agency is licensed/certified to provide.","StructureDefinition/ext-ems-agency-details","Internal"
https://fhirems.github.io/fhirEMSCoreIG/ValueSet/vs-ems-agency-location-type,0.2.0,active,"2.25.219926138944530828037824748808947630693.2.153",EMSAgencyLocationTypeVS,EMS AgencyLocationType VS,"The type of EMS agency location/station (dLocation.01).","StructureDefinition/ems-location-agency","Internal"
https://fhirems.github.io/fhirEMSCoreIG/ValueSet/vs-ems-agency-org-status,0.2.0,active,"2.25.219926138944530828037824748808947630693.2.7",EMSAgencyOrgStatusVS,EMS Agency Organization Status,"NEMSIS dAgency.12 - Whether the EMS agency is staffed by volunteers, paid personnel, or both.","StructureDefinition/ext-ems-agency-details","Internal"
https://fhirems.github.io/fhirEMSCoreIG/ValueSet/vs-ems-agency-org-type,0.2.0,active,"2.25.219926138944530828037824748808947630693.2.8",EMSAgencyOrgTypeVS,EMS Agency Organizational Type,"NEMSIS dAgency.13 - The organizational type of the EMS agency.","StructureDefinition/ems-organization","Internal"
https://fhirems.github.io/fhirEMSCoreIG/ValueSet/vs-ems-agency-service-type,0.2.0,active,"2.25.219926138944530828037824748808947630693.2.9",EMSAgencyServiceTypeVS,EMS Agency Service Type,"NEMSIS dAgency.09/10 - The type(s) of EMS service provided by the agency.","StructureDefinition/ext-ems-agency-details","Internal"
https://fhirems.github.io/fhirEMSCoreIG/ValueSet/vs-ems-airbag-deployment,0.2.0,active,"2.25.219926138944530828037824748808947630693.2.10",EMSAirbagDeploymentVS,EMS Airbag Deployment VS,"Airbag deployment status observed at the crash (eInjury.08).","StructureDefinition/ext-ems-injury-context","Internal"
https://fhirems.github.io/fhirEMSCoreIG/ValueSet/vs-ems-airway-complications,0.2.0,active,"2.25.219926138944530828037824748808947630693.2.11",EMSAirwayComplicationsVS,EMS Airway Complications VS,"Complications encountered during airway management (eAirway.08).","StructureDefinition/ext-ems-airway-context","Internal"
https://fhirems.github.io/fhirEMSCoreIG/ValueSet/vs-ems-airway-confirmation-method,0.2.0,active,"2.25.219926138944530828037824748808947630693.2.12",EMSAirwayConfirmationMethodVS,EMS Airway Confirmation Method VS,"Method used to confirm airway device placement (eAirway.04).","StructureDefinition/ext-ems-airway-context","Internal"
https://fhirems.github.io/fhirEMSCoreIG/ValueSet/vs-ems-airway-confirming-person,0.2.0,active,"2.25.219926138944530828037824748808947630693.2.13",EMSAirwayConfirmingPersonVS,EMS Airway Confirming Person VS,"Type of individual who confirmed the airway device placement (eAirway.06).","StructureDefinition/ext-ems-airway-context","Internal"
https://fhirems.github.io/fhirEMSCoreIG/ValueSet/vs-ems-airway-device,0.2.0,active,"2.25.219926138944530828037824748808947630693.2.14",EMSAirwayDeviceVS,EMS Airway Device VS,"Type of airway device being confirmed (eAirway.03).","StructureDefinition/ext-ems-airway-context","Internal"
https://fhirems.github.io/fhirEMSCoreIG/ValueSet/vs-ems-airway-failure-reasons,0.2.0,active,"2.25.219926138944530828037824748808947630693.2.15",EMSAirwayFailureReasonsVS,EMS Airway Failure Reasons VS,"Reasons for failed airway management (eAirway.09).","StructureDefinition/ext-ems-airway-context","Internal"
https://fhirems.github.io/fhirEMSCoreIG/ValueSet/vs-ems-airway-indications,0.2.0,active,"2.25.219926138944530828037824748808947630693.2.16",EMSAirwayIndicationsVS,EMS Airway Indications VS,"Indications for airway management intervention (eAirway.01).","StructureDefinition/ext-ems-airway-context","Internal"
https://fhirems.github.io/fhirEMSCoreIG/ValueSet/vs-ems-airway-technique,0.2.0,active,"2.25.219926138944530828037824748808947630693.2.17",EMSAirwayTechniqueVS,EMS Airway Placement Technique,"NEMSIS eProcedures.14 - Technique used for airway device placement.","StructureDefinition/ext-ems-procedure-context","Internal"
https://fhirems.github.io/fhirEMSCoreIG/ValueSet/vs-ems-alcohol-drug-use,0.2.0,active,"2.25.219926138944530828037824748808947630693.2.134",EMSAlcoholDrugUseVS,EMS Alcohol/Drug Use Indicators VS,"Indicators of potential patient alcohol or drug use (eHistory.17).","StructureDefinition/ext-ems-history-context","Internal"
https://fhirems.github.io/fhirEMSCoreIG/ValueSet/vs-ems-alternate-residence,0.2.0,active,"2.25.219926138944530828037824748808947630693.2.18",EMSAlternateResidenceVS,EMS Alternate Home Residence,"NEMSIS ePatient.22 - Codes describing a patient's alternate home residence situation when a standard home address is not applicable.","StructureDefinition/ext-ems-alternate-residence","Internal"
https://fhirems.github.io/fhirEMSCoreIG/ValueSet/vs-ems-ambulance-conditions,0.2.0,active,"2.25.219926138944530828037824748808947630693.2.19",EMSAmbulanceConditionsVS,EMS Ambulance Conditions Indicator VS,"CMS ambulance conditions indicators justifying medical necessity (ePayment.47).","StructureDefinition/ext-ems-ambulance-conditions","Internal"
https://fhirems.github.io/fhirEMSCoreIG/ValueSet/vs-ems-ambulance-transport-reason,0.2.0,active,"2.25.219926138944530828037824748808947630693.2.20",EMSAmbulanceTransportReasonVS,EMS Ambulance Transport Reason VS,"CMS ambulance transport reason code (ePayment.44).","StructureDefinition/ext-ems-ambulance-transport-reason","Internal"
https://fhirems.github.io/fhirEMSCoreIG/ValueSet/vs-ems-arrest-end-event,0.2.0,active,"2.25.219926138944530828037824748808947630693.2.21",EMSArrestEndEventVS,EMS End of Cardiac Arrest Event VS,"Disposition of the patient at the end of the EMS cardiac arrest event (eArrest.18).","StructureDefinition/ext-ems-arrest-context","Internal"
https://fhirems.github.io/fhirEMSCoreIG/ValueSet/vs-ems-arrest-etiology,0.2.0,active,"2.25.219926138944530828037824748808947630693.2.22",EMSArrestEtiologyVS,EMS Arrest Etiology VS,"Etiology of the cardiac arrest event (eArrest.02).","StructureDefinition/ext-ems-arrest-context","Internal"
https://fhirems.github.io/fhirEMSCoreIG/ValueSet/vs-ems-arrest-first-responder,0.2.0,active,"2.25.219926138944530828037824748808947630693.2.23",EMSArrestFirstResponderVS,EMS Arrest First Responder VS,"Who first performed CPR, applied the AED, or defibrillated the patient (eArrest.20/21/22).","StructureDefinition/ext-ems-arrest-context","Internal"
https://fhirems.github.io/fhirEMSCoreIG/ValueSet/vs-ems-arrest-witnessed,0.2.0,active,"2.25.219926138944530828037824748808947630693.2.24",EMSArrestWitnessedVS,EMS Arrest Witnessed VS,"Who witnessed the cardiac arrest (eArrest.04).","StructureDefinition/ext-ems-arrest-context","Internal"
https://fhirems.github.io/fhirEMSCoreIG/ValueSet/vs-ems-authorization-type,0.2.0,active,"2.25.219926138944530828037824748808947630693.2.25",EMSAuthorizationTypeVS,EMS Treatment Authorization Type,"NEMSIS eMedications.11 / eProcedures.11 - How the medication administration or procedure was authorized.","StructureDefinition/ext-ems-procedure-context,StructureDefinition/ext-ems-medication-context","Internal"
https://fhirems.github.io/fhirEMSCoreIG/ValueSet/vs-ems-avpu,0.2.0,active,"2.25.219926138944530828037824748808947630693.2.26",EMSAVPUVs,EMS AVPU Level of Responsiveness,"NEMSIS eVitals.26 - The patient's level of responsiveness using the AVPU scale.",,"Internal"
https://fhirems.github.io/fhirEMSCoreIG/ValueSet/vs-ems-barrier-to-patient-care,0.2.0,active,"2.25.219926138944530828037824748808947630693.2.27",EMSBarrierToPatientCareVS,EMS Barriers to Patient Care,"NEMSIS eHistory.01 - Barriers encountered during patient assessment or care.","StructureDefinition/ext-ems-patient-barrier","Internal"
https://fhirems.github.io/fhirEMSCoreIG/ValueSet/vs-ems-bp-method,0.2.0,active,"2.25.219926138944530828037824748808947630693.2.28",EMSBPMethodVS,EMS Blood Pressure Measurement Method (ValueSet),"NEMSIS eVitals.08 - The technique used to measure blood pressure.","StructureDefinition/ext-ems-bp-method","Internal"
https://fhirems.github.io/fhirEMSCoreIG/ValueSet/vs-ems-cardiac-arrest,0.2.0,active,"2.25.219926138944530828037824748808947630693.2.29",EMSCardiacArrestVS,EMS Cardiac Arrest VS,"Whether the patient was in cardiac arrest and when (eArrest.01).","StructureDefinition/ext-ems-arrest-context","Internal"
https://fhirems.github.io/fhirEMSCoreIG/ValueSet/vs-ems-cardiac-rhythm,0.2.0,active,"2.25.219926138944530828037824748808947630693.2.30",EMSCardiacRhythmVS,EMS Cardiac Rhythm,"NEMSIS eVitals.03 - Cardiac rhythm or ECG interpretation.","StructureDefinition/ext-ems-arrest-context","Internal"
https://fhirems.github.io/fhirEMSCoreIG/ValueSet/vs-ems-caregiver-level,0.2.0,active,"2.25.219926138944530828037824748808947630693.2.31",EMSCaregiverLevelVS,EMS Caregiver Level,"NEMSIS eMedications.10 / eProcedures.10 - Level/role of the healthcare professional who administered the medication or performed the procedure.","StructureDefinition/ems-medicationadministration,StructureDefinition/ems-procedure","Internal"
https://fhirems.github.io/fhirEMSCoreIG/ValueSet/vs-ems-certification-level,0.2.0,active,"2.25.219926138944530828037824748808947630693.2.32",EMSCertificationLevelVS,EMS Certification Level (ValueSet),"NEMSIS eCrew.02 - The certification/licensure level of the EMS crew member.","StructureDefinition/ems-practitioner,StructureDefinition/ext-ems-certification-level,StructureDefinition/ext-ems-agency-configuration","Internal"
https://fhirems.github.io/fhirEMSCoreIG/ValueSet/vs-ems-clinical-response,0.2.0,active,"2.25.219926138944530828037824748808947630693.2.33",EMSClinicalResponseVS,EMS Clinical Response to Treatment,"NEMSIS eMedications.07 / eProcedures.08 - Patient response to medication administration or procedure performance.","StructureDefinition/ext-ems-procedure-context,StructureDefinition/ext-ems-medication-context","Internal"
https://fhirems.github.io/fhirEMSCoreIG/ValueSet/vs-ems-cms-service-level,0.2.0,active,"2.25.219926138944530828037824748808947630693.2.34",EMSCMSServiceLevelVS,EMS CMS Service Level VS,"CMS ambulance service level for billing (ePayment.50).","StructureDefinition/ext-ems-cms-service-level","Internal"
https://fhirems.github.io/fhirEMSCoreIG/ValueSet/vs-ems-cpr-discontinued-reason,0.2.0,active,"2.25.219926138944530828037824748808947630693.2.35",EMSCPRDiscontinuedReasonVS,EMS Reason CPR Discontinued VS,"Reason CPR or resuscitation was discontinued (eArrest.16).","StructureDefinition/ext-ems-arrest-context","Internal"
https://fhirems.github.io/fhirEMSCoreIG/ValueSet/vs-ems-cpr-type,0.2.0,active,"2.25.219926138944530828037824748808947630693.2.36",EMSCPRTypeVS,EMS CPR Type VS,"Type of CPR care provided prior to EMS arrival (eArrest.09).","StructureDefinition/ext-ems-arrest-context","Internal"
https://fhirems.github.io/fhirEMSCoreIG/ValueSet/vs-ems-crew-disposition,0.2.0,active,"2.25.219926138944530828037824748808947630693.2.37",EMSCrewDispositionVS,EMS Crew Disposition,"NEMSIS eDisposition.29 - What the crew did during the response.","StructureDefinition/ext-ems-disposition-codes","Internal"
https://fhirems.github.io/fhirEMSCoreIG/ValueSet/vs-ems-crew-ppe,0.2.0,active,"2.25.219926138944530828037824748808947630693.2.138",EMSCrewPPEVS,EMS CrewPPE VS,"Personal protective equipment used by the EMS crew member (eOther.03).","StructureDefinition/ext-ems-crew-safety","Internal"
https://fhirems.github.io/fhirEMSCoreIG/ValueSet/vs-ems-crew-role,0.2.0,active,"2.25.219926138944530828037824748808947630693.2.38",EMSCrewRoleVS,EMS Crew Member Response Role,"NEMSIS eCrew.03 - The role of the crew member during the EMS response.","StructureDefinition/ems-practitionerrole","Internal"
https://fhirems.github.io/fhirEMSCoreIG/ValueSet/vs-ems-destination-reason,0.2.0,active,"2.25.219926138944530828037824748808947630693.2.39",EMSDestinationReasonVS,EMS Reason for Choosing Destination,"NEMSIS eDisposition.20 - The reason the destination was chosen.","StructureDefinition/ext-ems-destination-details","Internal"
https://fhirems.github.io/fhirEMSCoreIG/ValueSet/vs-ems-destination-type,0.2.0,active,"2.25.219926138944530828037824748808947630693.2.40",EMSDestinationTypeVS,EMS Type of Destination,"NEMSIS eDisposition.21 - The type of destination the patient was transported to.","StructureDefinition/ext-ems-destination-details,StructureDefinition/ems-encounter","Internal"
https://fhirems.github.io/fhirEMSCoreIG/ValueSet/vs-ems-director-compensation,0.2.0,active,"2.25.219926138944530828037824748808947630693.2.149",EMSDirectorCompensationVS,EMS DirectorCompensation VS,"Whether the medical director is compensated (dContact.15).","StructureDefinition/ext-ems-medical-director","Internal"
https://fhirems.github.io/fhirEMSCoreIG/ValueSet/vs-ems-disaster-type,0.2.0,active,"2.25.219926138944530828037824748808947630693.2.140",EMSDisasterTypeVS,EMS DisasterType VS,"Natural, suspected, intentional, or unintentional disaster associated with the event (eOther.07).","StructureDefinition/ext-ems-other-context","Internal"
https://fhirems.github.io/fhirEMSCoreIG/ValueSet/vs-ems-discharge-disposition,0.2.0,active,"2.25.219926138944530828037824748808947630693.2.41",EMSDischargeDispositionVS,EMS Discharge Disposition VS,"UB-04 patient discharge status codes used for ED disposition (eOutcome.01) and hospital disposition (eOutcome.02).","StructureDefinition/ems-observation-outcome","hl7.terminology.r4"
https://fhirems.github.io/fhirEMSCoreIG/ValueSet/vs-ems-dispatch-delay,0.2.0,active,"2.25.219926138944530828037824748808947630693.2.42",EMSDispatchDelayVS,EMS Type of Dispatch Delay,"NEMSIS eResponse.08 - Types of dispatch delay.","StructureDefinition/ext-ems-response-delays","Internal"
https://fhirems.github.io/fhirEMSCoreIG/ValueSet/vs-ems-dispatch-priority,0.2.0,active,"2.25.219926138944530828037824748808947630693.2.43",EMSDispatchPriorityVS,EMS Dispatch Priority (Patient Acuity),"NEMSIS eDispatch.05 - The acuity level assigned at time of dispatch.","StructureDefinition/ext-ems-dispatch-info","Internal"
https://fhirems.github.io/fhirEMSCoreIG/ValueSet/vs-ems-dispatch-reason,0.2.0,active,"2.25.219926138944530828037824748808947630693.2.44",EMSDispatchReasonVS,EMS Dispatch Reason (ValueSet),"NEMSIS eDispatch.01 - The dispatch complaint or reason for the EMS response. Extensible to allow agency-specific or SNOMED CT dispatch codes.","StructureDefinition/ext-ems-dispatch-reason","SCT"
https://fhirems.github.io/fhirEMSCoreIG/ValueSet/vs-ems-disposition-instructions,0.2.0,active,"2.25.219926138944530828037824748808947630693.2.45",EMSDispositionInstructionsVS,EMS Disposition Instructions Provided,"NEMSIS eDisposition.26 - Instructions provided to the patient at disposition.","StructureDefinition/ext-ems-destination-details","Internal"
https://fhirems.github.io/fhirEMSCoreIG/ValueSet/vs-ems-ecg-method,0.2.0,active,"2.25.219926138944530828037824748808947630693.2.46",EMSECGMethodVS,EMS ECG Interpretation Method,"NEMSIS eVitals.05 - How the ECG was interpreted.","StructureDefinition/ext-ems-ecg-context","Internal"
https://fhirems.github.io/fhirEMSCoreIG/ValueSet/vs-ems-ecg-type,0.2.0,active,"2.25.219926138944530828037824748808947630693.2.47",EMSECGTypeVS,EMS ECG Type,"NEMSIS eVitals.04 - The number of leads used for ECG acquisition.","StructureDefinition/ext-ems-ecg-context","Internal"
https://fhirems.github.io/fhirEMSCoreIG/ValueSet/vs-ems-emd-performed,0.2.0,active,"2.25.219926138944530828037824748808947630693.2.48",EMSEMDPerformedVS,EMS EMD Performed,"NEMSIS eDispatch.02 - Whether Emergency Medical Dispatch pre-arrival instructions were provided.","StructureDefinition/ext-ems-dispatch-info","Internal"
https://fhirems.github.io/fhirEMSCoreIG/ValueSet/vs-ems-emd-provided,0.2.0,active,"2.25.219926138944530828037824748808947630693.2.151",EMSEMDProvidedVS,EMS EMDProvided VS,"Whether EMD is provided to the agency service area (dConfiguration.13).","StructureDefinition/ext-ems-agency-configuration","Internal"
https://fhirems.github.io/fhirEMSCoreIG/ValueSet/vs-ems-exam-abd-location,0.2.0,active,"2.25.219926138944530828037824748808947630693.2.49",EMSExamAbdominalFindingLocationVS,EMS Abdominal Assessment Finding Location,"NEMSIS eExam.10 - Location qualifier for abdominal assessment findings.",,"Internal"
https://fhirems.github.io/fhirEMSCoreIG/ValueSet/vs-ems-exam-abdomen,0.2.0,active,"2.25.219926138944530828037824748808947630693.2.50",EMSExamAbdomenVS,EMS Abdomen Assessment,"NEMSIS eExam.11 - Physical findings on abdominal assessment.",,"Internal"
https://fhirems.github.io/fhirEMSCoreIG/ValueSet/vs-ems-exam-back-location,0.2.0,active,"2.25.219926138944530828037824748808947630693.2.51",EMSExamBackSpineLocationVS,EMS Back and Spine Assessment Finding Location,"NEMSIS eExam.13 - Location qualifier for back and spine assessment findings.",,"Internal"
https://fhirems.github.io/fhirEMSCoreIG/ValueSet/vs-ems-exam-back-spine,0.2.0,active,"2.25.219926138944530828037824748808947630693.2.52",EMSExamBackSpineVS,EMS Back and Spine Assessment,"NEMSIS eExam.14 - Physical findings on back and spine assessment.",,"Internal"
https://fhirems.github.io/fhirEMSCoreIG/ValueSet/vs-ems-exam-chest,0.2.0,active,"2.25.219926138944530828037824748808947630693.2.53",EMSExamChestVS,EMS Chest Assessment,"NEMSIS eExam.25 - Physical findings on chest assessment.",,"Internal"
https://fhirems.github.io/fhirEMSCoreIG/ValueSet/vs-ems-exam-chest-location,0.2.0,active,"2.25.219926138944530828037824748808947630693.2.54",EMSExamChestLocationVS,EMS Chest Assessment Finding Location,"NEMSIS eExam.24 - Location qualifier for chest assessment findings.",,"Internal"
https://fhirems.github.io/fhirEMSCoreIG/ValueSet/vs-ems-exam-extremities,0.2.0,active,"2.25.219926138944530828037824748808947630693.2.55",EMSExamExtremitiesVS,EMS Extremities Assessment,"NEMSIS eExam.16 - Physical findings on extremities assessment.",,"Internal"
https://fhirems.github.io/fhirEMSCoreIG/ValueSet/vs-ems-exam-extremity-location,0.2.0,active,"2.25.219926138944530828037824748808947630693.2.56",EMSExamExtremityLocationVS,EMS Extremity Assessment Finding Location,"NEMSIS eExam.15 - Location qualifier for extremity assessment findings.",,"Internal"
https://fhirems.github.io/fhirEMSCoreIG/ValueSet/vs-ems-exam-eye,0.2.0,active,"2.25.219926138944530828037824748808947630693.2.57",EMSExamEyeVS,EMS Eye Assessment,"NEMSIS eExam.18 - Physical findings on eye assessment, including pupil size and reactivity.",,"Internal"
https://fhirems.github.io/fhirEMSCoreIG/ValueSet/vs-ems-exam-eye-location,0.2.0,active,"2.25.219926138944530828037824748808947630693.2.58",EMSExamEyeLocationVS,EMS Eye Assessment Finding Location,"NEMSIS eExam.17 - Laterality qualifier for eye assessment findings.",,"Internal"
https://fhirems.github.io/fhirEMSCoreIG/ValueSet/vs-ems-exam-face,0.2.0,active,"2.25.219926138944530828037824748808947630693.2.59",EMSExamFaceVS,EMS Face Assessment,"NEMSIS eExam.06 - Physical findings on face assessment.",,"Internal"
https://fhirems.github.io/fhirEMSCoreIG/ValueSet/vs-ems-exam-head,0.2.0,active,"2.25.219926138944530828037824748808947630693.2.60",EMSExamHeadVS,EMS Head Assessment,"NEMSIS eExam.05 - Physical findings on head assessment.",,"Internal"
https://fhirems.github.io/fhirEMSCoreIG/ValueSet/vs-ems-exam-heart,0.2.0,active,"2.25.219926138944530828037824748808947630693.2.61",EMSExamHeartVS,EMS Heart Assessment,"NEMSIS eExam.09 - Physical findings on heart/cardiac auscultation.",,"Internal"
https://fhirems.github.io/fhirEMSCoreIG/ValueSet/vs-ems-exam-length-tape,0.2.0,active,"2.25.219926138944530828037824748808947630693.2.62",EMSExamLengthTapeMeasureVS,EMS Length Based Tape Measure (Broselow-Luten),"NEMSIS eExam.02 - Broselow-Luten color zone for length-based weight estimation.",,"Internal"
https://fhirems.github.io/fhirEMSCoreIG/ValueSet/vs-ems-exam-lung,0.2.0,active,"2.25.219926138944530828037824748808947630693.2.63",EMSExamLungVS,EMS Lung Assessment,"NEMSIS eExam.23 - Auscultatory and respiratory findings on lung assessment.",,"Internal"
https://fhirems.github.io/fhirEMSCoreIG/ValueSet/vs-ems-exam-lung-location,0.2.0,active,"2.25.219926138944530828037824748808947630693.2.64",EMSExamLungLocationVS,EMS Lung Assessment Finding Location,"NEMSIS eExam.22 - Laterality qualifier for lung assessment findings.",,"Internal"
https://fhirems.github.io/fhirEMSCoreIG/ValueSet/vs-ems-exam-mental-status,0.2.0,active,"2.25.219926138944530828037824748808947630693.2.65",EMSExamMentalStatusVS,EMS Mental Status Assessment,"NEMSIS eExam.19 - Mental status and cognitive assessment findings.",,"Internal"
https://fhirems.github.io/fhirEMSCoreIG/ValueSet/vs-ems-exam-neck,0.2.0,active,"2.25.219926138944530828037824748808947630693.2.66",EMSExamNeckVS,EMS Neck Assessment,"NEMSIS eExam.07 - Physical findings on neck assessment.",,"Internal"
https://fhirems.github.io/fhirEMSCoreIG/ValueSet/vs-ems-exam-neurological,0.2.0,active,"2.25.219926138944530828037824748808947630693.2.67",EMSExamNeurologicalVS,EMS Neurological Assessment,"NEMSIS eExam.20 - Neurological assessment findings including strength, speech, coordination, and seizures.",,"Internal"
https://fhirems.github.io/fhirEMSCoreIG/ValueSet/vs-ems-exam-pelvic-gu,0.2.0,active,"2.25.219926138944530828037824748808947630693.2.68",EMSExamPelvicGUVS,EMS Pelvis/Genitourinary Assessment,"NEMSIS eExam.12 - Physical findings on pelvic/genitourinary assessment.",,"Internal"
https://fhirems.github.io/fhirEMSCoreIG/ValueSet/vs-ems-exam-skin,0.2.0,active,"2.25.219926138944530828037824748808947630693.2.69",EMSExamSkinVS,EMS Skin Assessment,"NEMSIS eExam.04 - Physical findings on skin assessment.",,"Internal"
https://fhirems.github.io/fhirEMSCoreIG/ValueSet/vs-ems-exam-stroke-resolved,0.2.0,active,"2.25.219926138944530828037824748808947630693.2.70",EMSExamStrokeSymptomsResolvedVS,EMS Stroke/CVA Symptoms Resolved,"NEMSIS eExam.21 - Whether stroke/CVA symptoms resolved prior to or during EMS care.",,"Internal"
https://fhirems.github.io/fhirEMSCoreIG/ValueSet/vs-ems-external-document-type,0.2.0,active,"2.25.219926138944530828037824748808947630693.2.141",EMSExternalDocumentTypeVS,EMS ExternalDocumentType VS,"Type of external electronic document associated with the PCR (eOther.09).","StructureDefinition/ext-ems-document-type","Internal"
https://fhirems.github.io/fhirEMSCoreIG/ValueSet/vs-ems-external-report-type,0.2.0,active,"2.25.219926138944530828037824748808947630693.2.71",EMSExternalReportTypeVS,EMS External Report Type VS,"Type of external report associated with the EMS event (eOutcome.03).",,"Internal"
https://fhirems.github.io/fhirEMSCoreIG/ValueSet/vs-ems-first-rhythm,0.2.0,active,"2.25.219926138944530828037824748808947630693.2.72",EMSFirstRhythmVS,EMS First Monitored Rhythm VS,"First monitored cardiac rhythm by this EMS unit (eArrest.11). Subset for initial arrest rhythms. For full rhythm list including post-ROSC, see EMSCardiacRhythmVS.","StructureDefinition/ext-ems-arrest-context","Internal"
https://fhirems.github.io/fhirEMSCoreIG/ValueSet/vs-ems-gcs-qualifier,0.2.0,active,"2.25.219926138944530828037824748808947630693.2.73",EMSGCSQualifierVS,EMS GCS Qualifier,"NEMSIS eVitals.22 - Qualifiers documenting conditions that affect GCS scoring validity.","StructureDefinition/ems-observation-gcs","Internal"
https://fhirems.github.io/fhirEMSCoreIG/ValueSet/vs-ems-history-med-dosage-units,0.2.0,active,"2.25.219926138944530828037824748808947630693.2.133",EMSHistoryMedDosageUnitsVS,EMS Home Medication Dosage Units VS,"Units for the patient's current (home) medication dose (eHistory.14). Distinct from the eMedications.06 administered-dose units (3706xxx codes).",,"Internal"
https://fhirems.github.io/fhirEMSCoreIG/ValueSet/vs-ems-history-obtained-from,0.2.0,active,"2.25.219926138944530828037824748808947630693.2.131",EMSHistoryObtainedFromVS,EMS Medical History Obtained From VS,"The source of the patient's medical history information (eHistory.09).","StructureDefinition/ext-ems-history-context","Internal"
https://fhirems.github.io/fhirEMSCoreIG/ValueSet/vs-ems-hospital-capability,0.2.0,active,"2.25.219926138944530828037824748808947630693.2.74",EMSHospitalCapabilityVS,EMS Hospital Capability,"NEMSIS eDisposition.23 - Specialty capabilities of the receiving facility.","StructureDefinition/ext-ems-destination-details","Internal"
https://fhirems.github.io/fhirEMSCoreIG/ValueSet/vs-ems-hospital-destination,0.2.0,active,"2.25.219926138944530828037824748808947630693.2.75",EMSHospitalDestinationVS,EMS Hospital In-Patient Destination,"NEMSIS eDisposition.22 - The specific in-hospital unit or bed type the patient was delivered to.","StructureDefinition/ext-ems-destination-details","Internal"
https://fhirems.github.io/fhirEMSCoreIG/ValueSet/vs-ems-imaging-study-type,0.2.0,active,"2.25.219926138944530828037824748808947630693.2.76",EMSImagingStudyTypeVS,EMS Imaging Study Type VS,"Type of imaging study obtained (eLabs.05).",,"Internal"
https://fhirems.github.io/fhirEMSCoreIG/ValueSet/vs-ems-immunization-type,0.2.0,active,"2.25.219926138944530828037824748808947630693.2.132",EMSImmunizationTypeVS,EMS Immunization Type VS,"The patient's immunization history type (eHistory.10).","StructureDefinition/ext-ems-history-context","Internal"
https://fhirems.github.io/fhirEMSCoreIG/ValueSet/vs-ems-incident-type,0.2.0,active,"2.25.219926138944530828037824748808947630693.2.77",EMSIncidentTypeVS,EMS Chief Complaint Anatomic Location (ValueSet),"NEMSIS eSituation.07 - The anatomic location of the patient's chief complaint.","StructureDefinition/ext-ems-incident-type","Internal"
https://fhirems.github.io/fhirEMSCoreIG/ValueSet/vs-ems-initial-acuity,0.2.0,active,"2.25.219926138944530828037824748808947630693.2.78",EMSInitialAcuityVS,EMS Initial Patient Acuity,"NEMSIS eSituation.13 - Patient acuity at initial EMS contact.",,"Internal"
https://fhirems.github.io/fhirEMSCoreIG/ValueSet/vs-ems-insurance-billing-priority,0.2.0,active,"2.25.219926138944530828037824748808947630693.2.79",EMSInsuranceBillingPriorityVS,EMS Insurance Billing Priority VS,"Insurance company billing priority (ePayment.11).",,"Internal"
https://fhirems.github.io/fhirEMSCoreIG/ValueSet/vs-ems-insured-relationship,0.2.0,active,"2.25.219926138944530828037824748808947630693.2.80",EMSInsuredRelationshipVS,EMS Insured Relationship VS,"Patient's relationship to the insured (ePayment.22).","StructureDefinition/ems-coverage","Internal"
https://fhirems.github.io/fhirEMSCoreIG/ValueSet/vs-ems-lab-result-type,0.2.0,active,"2.25.219926138944530828037824748808947630693.2.81",EMSLabResultTypeVS,EMS Lab Result Type VS,"Type of lab result obtained (eLabs.03).",,"Internal"
https://fhirems.github.io/fhirEMSCoreIG/ValueSet/vs-ems-level-of-care,0.2.0,active,"2.25.219926138944530828037824748808947630693.2.82",EMSLevelOfCareVS,EMS Level of Care Provided per Protocol,"NEMSIS eDisposition.32 - The level of care (BLS, ALS, Critical Care, etc.) authorized by protocol.","StructureDefinition/ext-ems-disposition-codes","Internal"
https://fhirems.github.io/fhirEMSCoreIG/ValueSet/vs-ems-mci-triage-class,0.2.0,active,"2.25.219926138944530828037824748808947630693.2.83",EMSMCITriageClassVS,EMS MCI Triage Classification,"NEMSIS eScene.08 - START/JumpSTART triage classification for MCI patient.","StructureDefinition/ext-ems-scene-details","Internal"
https://fhirems.github.io/fhirEMSCoreIG/ValueSet/vs-ems-mechanism-of-injury,0.2.0,active,"2.25.219926138944530828037824748808947630693.2.84",EMSMechanismOfInjuryVS,EMS Mechanism of Injury VS,"The mechanism of the event which caused the injury (eInjury.02).","StructureDefinition/ext-ems-injury-context","Internal"
https://fhirems.github.io/fhirEMSCoreIG/ValueSet/vs-ems-med-frequency,0.2.0,active,"2.25.219926138944530828037824748808947630693.2.136",EMSMedFrequencyVS,EMS Home Medication Frequency VS,"Dosing frequency for the patient's current (home) medications (eHistory.20).","StructureDefinition/ems-medicationstatement","Internal"
https://fhirems.github.io/fhirEMSCoreIG/ValueSet/vs-ems-medical-director-board-cert,0.2.0,active,"2.25.219926138944530828037824748808947630693.2.148",EMSMedicalDirectorBoardCertVS,EMS MedicalDirectorBoardCert VS,"The agency medical director board certification type (dContact.14).","StructureDefinition/ext-ems-medical-director","Internal"
https://fhirems.github.io/fhirEMSCoreIG/ValueSet/vs-ems-medical-director-degree,0.2.0,active,"2.25.219926138944530828037824748808947630693.2.147",EMSMedicalDirectorDegreeVS,EMS MedicalDirectorDegree VS,"The agency medical director degree (dContact.13).","StructureDefinition/ext-ems-medical-director","Internal"
https://fhirems.github.io/fhirEMSCoreIG/ValueSet/vs-ems-medication-complication,0.2.0,active,"2.25.219926138944530828037824748808947630693.2.85",EMSMedicationComplicationVS,EMS Medication Complication,"NEMSIS eMedications.08 - Adverse reactions or complications occurring with medication administration.","StructureDefinition/ext-ems-medication-context","Internal"
https://fhirems.github.io/fhirEMSCoreIG/ValueSet/vs-ems-medication-dosage-units,0.2.0,active,"2.25.219926138944530828037824748808947630693.2.86",EMSMedicationDosageUnitsVS,EMS Medication Dosage Units,"NEMSIS eMedications.06 - Units of measurement for medication dosage.",,"Internal"
https://fhirems.github.io/fhirEMSCoreIG/ValueSet/vs-ems-medication-route,0.2.0,active,"2.25.219926138944530828037824748808947630693.2.87",EMSMedicationRouteVS,EMS Medication Administered Route,"NEMSIS eMedications.04 - The route by which the medication was administered.","StructureDefinition/ems-medicationadministration,StructureDefinition/ems-medicationstatement","Internal"
https://fhirems.github.io/fhirEMSCoreIG/ValueSet/vs-ems-monitoring-capability,0.2.0,active,"2.25.219926138944530828037824748808947630693.2.152",EMSMonitoringCapabilityVS,EMS MonitoringCapability VS,"Patient monitoring capabilities of the agency (dConfiguration.15).","StructureDefinition/ext-ems-agency-configuration","Internal"
https://fhirems.github.io/fhirEMSCoreIG/ValueSet/vs-ems-neurological-outcome,0.2.0,active,"2.25.219926138944530828037824748808947630693.2.88",EMSNeurologicalOutcomeVS,EMS Neurological Outcome VS,"Cerebral performance category (CPC) at hospital discharge (eArrest.13).","StructureDefinition/ext-ems-arrest-context","Internal"
https://fhirems.github.io/fhirEMSCoreIG/ValueSet/vs-ems-not-value,0.2.0,active,"2.25.219926138944530828037824748808947630693.2.89",EMSNotValueVS,NEMSIS Not Value (NV),"NEMSIS Not Value codes used when a data element is Not Applicable, Not Recorded, or Not Reporting.","StructureDefinition/ext-ems-not-value","Internal"
https://fhirems.github.io/fhirEMSCoreIG/ValueSet/vs-ems-osha-ppe,0.2.0,active,"2.25.219926138944530828037824748808947630693.2.90",EMSOSHAPPEVS,EMS OSHA Personal Protective Equipment VS,"OSHA-defined personal protective equipment in use by the patient at the time of a work-related injury (eInjury.10).","StructureDefinition/ext-ems-injury-context","Internal"
https://fhirems.github.io/fhirEMSCoreIG/ValueSet/vs-ems-pain-scale-type,0.2.0,active,"2.25.219926138944530828037824748808947630693.2.91",EMSPainScaleTypeVS,EMS Pain Scale Type (ValueSet),"NEMSIS eVitals.28 - The type of pain scale used to assess the patient's pain.","StructureDefinition/ext-ems-pain-scale-type","Internal"
https://fhirems.github.io/fhirEMSCoreIG/ValueSet/vs-ems-patient-acuity,0.2.0,active,"2.25.219926138944530828037824748808947630693.2.92",EMSPatientAcuityVS,EMS Patient Acuity Upon Release,"NEMSIS eDisposition.19 - The patient's acuity triage level at the time of EMS release.","StructureDefinition/ext-ems-disposition-codes","Internal"
https://fhirems.github.io/fhirEMSCoreIG/ValueSet/vs-ems-patient-eval-care,0.2.0,active,"2.25.219926138944530828037824748808947630693.2.93",EMSPatientEvalCareVS,EMS Patient Evaluation/Care,"NEMSIS eDisposition.28 - What evaluation and care was provided to the patient.","StructureDefinition/ext-ems-disposition-codes","Internal"
https://fhirems.github.io/fhirEMSCoreIG/ValueSet/vs-ems-patient-representative,0.2.0,active,"2.25.219926138944530828037824748808947630693.2.144",EMSPatientRepresentativeVS,EMS PatientRepresentative VS,"The relationship of the patient representative who signed (eOther.14).","StructureDefinition/ext-ems-signature-context","Internal"
https://fhirems.github.io/fhirEMSCoreIG/ValueSet/vs-ems-patient-transport-assessment,0.2.0,active,"2.25.219926138944530828037824748808947630693.2.94",EMSPatientTransportAssessmentVS,EMS Patient Transport Assessment VS,"Patient's physical condition that necessitated ambulance transport (ePayment.41).","StructureDefinition/ext-ems-transport-assessment","Internal"
https://fhirems.github.io/fhirEMSCoreIG/ValueSet/vs-ems-payer-type,0.2.0,active,"2.25.219926138944530828037824748808947630693.2.95",EMSPayerTypeVS,EMS Payer Type VS,"X12 payer type codes for the insurance company (ePayment.57).","StructureDefinition/ext-ems-payer-type","Internal"
https://fhirems.github.io/fhirEMSCoreIG/ValueSet/vs-ems-payment-method,0.2.0,active,"2.25.219926138944530828037824748808947630693.2.96",EMSPaymentMethodVS,EMS Primary Payment Method VS,"Primary method of payment for the EMS response (ePayment.01).","StructureDefinition/ext-ems-primary-payment-method","Internal"
https://fhirems.github.io/fhirEMSCoreIG/ValueSet/vs-ems-pertinent-negative,0.2.0,active,"2.25.219926138944530828037824748808947630693.2.97",EMSPertinentNegativeVS,NEMSIS Pertinent Negative (PN),"NEMSIS Pertinent Negative codes indicating a clinically significant documented absence.","StructureDefinition/ext-ems-pertinent-negative","Internal"
https://fhirems.github.io/fhirEMSCoreIG/ValueSet/vs-ems-pre-arrival-alert,0.2.0,active,"2.25.219926138944530828037824748808947630693.2.98",EMSPreArrivalAlertVS,EMS Destination Team Pre-Arrival Alert,"NEMSIS eDisposition.24 - Whether and what type of pre-arrival alert was given to the receiving facility.","StructureDefinition/ext-ems-destination-details","Internal"
https://fhirems.github.io/fhirEMSCoreIG/ValueSet/vs-ems-pregnancy,0.2.0,active,"2.25.219926138944530828037824748808947630693.2.135",EMSPregnancyVS,EMS Pregnancy Status VS,"The patient's pregnancy status (eHistory.18).","StructureDefinition/ext-ems-history-context","Internal"
https://fhirems.github.io/fhirEMSCoreIG/ValueSet/vs-ems-procedure-complication,0.2.0,active,"2.25.219926138944530828037824748808947630693.2.99",EMSProcedureComplicationVS,EMS Procedure Complication,"NEMSIS eProcedures.07 - Adverse events or complications occurring with procedure performance.","StructureDefinition/ems-procedure","Internal"
https://fhirems.github.io/fhirEMSCoreIG/ValueSet/vs-ems-protocol-used,0.2.0,active,"2.25.219926138944530828037824748808947630693.2.100",EMSProtocolUsedVS,EMS Protocols Used,"NEMSIS eProtocols.01 - EMS protocol(s) followed during the response.","StructureDefinition/ext-ems-agency-configuration,StructureDefinition/ext-ems-protocol-used","Internal"
https://fhirems.github.io/fhirEMSCoreIG/ValueSet/vs-ems-pulse-rhythm,0.2.0,active,"2.25.219926138944530828037824748808947630693.2.101",EMSPulseRhythmVS,EMS Pulse Rhythm,"NEMSIS eVitals.13 - The regularity of the patient's pulse.",,"Internal"
https://fhirems.github.io/fhirEMSCoreIG/ValueSet/vs-ems-reason-for-refusal,0.2.0,active,"2.25.219926138944530828037824748808947630693.2.102",EMSReasonForRefusalVS,EMS Reason for Refusal/Release,"NEMSIS eDisposition.31 - Reason documented when patient refused care or was released.","StructureDefinition/ext-ems-disposition-codes","Internal"
https://fhirems.github.io/fhirEMSCoreIG/ValueSet/vs-ems-registry-candidate,0.2.0,active,"2.25.219926138944530828037824748808947630693.2.137",EMSRegistryCandidateVS,EMS RegistryCandidate VS,"Potential system of care, specialty, or registry candidacy for the patient (eOther.02).","StructureDefinition/ext-ems-other-context","Internal"
https://fhirems.github.io/fhirEMSCoreIG/ValueSet/vs-ems-reperfusion-checklist,0.2.0,active,"2.25.219926138944530828037824748808947630693.2.103",EMSReperfusionChecklistVS,EMS Reperfusion Checklist,"NEMSIS eVitals.31 - Contraindication status for thrombolytic therapy per the reperfusion checklist.",,"Internal"
https://fhirems.github.io/fhirEMSCoreIG/ValueSet/vs-ems-respiratory-effort,0.2.0,active,"2.25.219926138944530828037824748808947630693.2.104",EMSRespiratoryEffortVS,EMS Respiratory Effort,"NEMSIS eVitals.15 - The quality of the patient's respiratory effort.",,"Internal"
https://fhirems.github.io/fhirEMSCoreIG/ValueSet/vs-ems-response-delay,0.2.0,active,"2.25.219926138944530828037824748808947630693.2.105",EMSResponseDelayVS,EMS Type of Response Delay,"NEMSIS eResponse.09 - Types of response delay en route to scene.","StructureDefinition/ext-ems-response-delays","Internal"
https://fhirems.github.io/fhirEMSCoreIG/ValueSet/vs-ems-response-mode,0.2.0,active,"2.25.219926138944530828037824748808947630693.2.106",EMSResponseModeVS,EMS Response Mode to Scene (ValueSet),"NEMSIS eResponse.23 - The response mode (emergent vs non-emergent) used en route to the scene.","StructureDefinition/ext-ems-response-mode","Internal"
https://fhirems.github.io/fhirEMSCoreIG/ValueSet/vs-ems-response-type,0.2.0,active,"2.25.219926138944530828037824748808947630693.2.107",EMSResponseTypeVS,EMS Response Type (ValueSet),"NEMSIS eResponse.05 - The type of EMS response.","StructureDefinition/ext-ems-response-type","Internal"
https://fhirems.github.io/fhirEMSCoreIG/ValueSet/vs-ems-response-urgency,0.2.0,active,"2.25.219926138944530828037824748808947630693.2.108",EMSResponseUrgencyVS,EMS Response Urgency VS,"Urgency of the EMS response for billing purposes (ePayment.40).","StructureDefinition/ext-ems-response-urgency","Internal"
https://fhirems.github.io/fhirEMSCoreIG/ValueSet/vs-ems-resuscitation-attempted,0.2.0,active,"2.25.219926138944530828037824748808947630693.2.109",EMSResuscitationAttemptedVS,EMS Resuscitation Attempted VS,"Type of resuscitation attempted by the EMS unit (eArrest.03).","StructureDefinition/ext-ems-arrest-context","Internal"
https://fhirems.github.io/fhirEMSCoreIG/ValueSet/vs-ems-rosc,0.2.0,active,"2.25.219926138944530828037824748808947630693.2.110",EMSROSCVs,EMS ROSC VS,"Whether and when return of spontaneous circulation occurred (eArrest.12).","StructureDefinition/ext-ems-arrest-context","Internal"
https://fhirems.github.io/fhirEMSCoreIG/ValueSet/vs-ems-safety-equipment,0.2.0,active,"2.25.219926138944530828037824748808947630693.2.111",EMSSafetyEquipmentVS,EMS Occupant Safety Equipment VS,"Occupant safety equipment in use by the patient at the time of the injury (eInjury.07).","StructureDefinition/ext-ems-injury-context","Internal"
https://fhirems.github.io/fhirEMSCoreIG/ValueSet/vs-ems-scene-delay,0.2.0,active,"2.25.219926138944530828037824748808947630693.2.112",EMSSceneDelayVS,EMS Type of Scene Delay,"NEMSIS eResponse.10 - Types of delay at the scene.","StructureDefinition/ext-ems-response-delays","Internal"
https://fhirems.github.io/fhirEMSCoreIG/ValueSet/vs-ems-seat-row-location,0.2.0,active,"2.25.219926138944530828037824748808947630693.2.113",EMSSeatRowLocationVS,EMS Seat Row Location VS,"The seat row location of the patient in the vehicle at the time of the crash (eInjury.06).","StructureDefinition/ext-ems-injury-context","Internal"
https://fhirems.github.io/fhirEMSCoreIG/ValueSet/vs-ems-sex,0.2.0,active,"2.25.219926138944530828037824748808947630693.2.114",EMSSexVS,EMS Sex,"NEMSIS ePatient.25 - The patient's sex as recorded by EMS. Used for documentation and mapping to Patient.gender and the us-core-birthsex extension. Note: ePatient.13 (Gender) is DEPRECATED in NEMSIS 3.5.1.251001CP2 — use ePatient.25 (Sex) instead.",,"Internal"
https://fhirems.github.io/fhirEMSCoreIG/ValueSet/vs-ems-signature-reason,0.2.0,active,"2.25.219926138944530828037824748808947630693.2.143",EMSSignatureReasonVS,EMS SignatureReason VS,"The reason a signature was obtained (eOther.13).","StructureDefinition/ext-ems-signature-context","Internal"
https://fhirems.github.io/fhirEMSCoreIG/ValueSet/vs-ems-signature-status,0.2.0,active,"2.25.219926138944530828037824748808947630693.2.145",EMSSignatureStatusVS,EMS SignatureStatus VS,"The status/disposition of the signature (eOther.15).","StructureDefinition/ext-ems-signature-context","Internal"
https://fhirems.github.io/fhirEMSCoreIG/ValueSet/vs-ems-signer-type,0.2.0,active,"2.25.219926138944530828037824748808947630693.2.142",EMSSignerTypeVS,EMS SignerType VS,"The type of person signing (eOther.12).","StructureDefinition/ext-ems-signature-context","Internal"
https://fhirems.github.io/fhirEMSCoreIG/ValueSet/vs-ems-situation-organ-system,0.2.0,active,"2.25.219926138944530828037824748808947630693.2.115",EMSSituationOrganSystemVS,EMS Chief Complaint Organ System,"NEMSIS eSituation.08 - The organ system involved in the patient's chief complaint.",,"Internal"
https://fhirems.github.io/fhirEMSCoreIG/ValueSet/vs-ems-specialty-service-capability,0.2.0,active,"2.25.219926138944530828037824748808947630693.2.150",EMSSpecialtyServiceCapabilityVS,EMS SpecialtyServiceCapability VS,"EMS agency specialty service capabilities (dConfiguration.11).","StructureDefinition/ext-ems-agency-configuration","Internal"
https://fhirems.github.io/fhirEMSCoreIG/ValueSet/vs-ems-stroke-scale-result,0.2.0,active,"2.25.219926138944530828037824748808947630693.2.116",EMSStrokeScaleResultVS,EMS Stroke Scale Result,"NEMSIS eVitals.29 - The result of the prehospital stroke scale assessment.",,"Internal"
https://fhirems.github.io/fhirEMSCoreIG/ValueSet/vs-ems-stroke-scale-type,0.2.0,active,"2.25.219926138944530828037824748808947630693.2.117",EMSStrokeScaleTypeVS,EMS Stroke Scale Type,"NEMSIS eVitals.30 - The prehospital stroke screening tool used.","StructureDefinition/ext-ems-stroke-scale-context","Internal"
https://fhirems.github.io/fhirEMSCoreIG/ValueSet/vs-ems-transfer-reason,0.2.0,active,"2.25.219926138944530828037824748808947630693.2.118",EMSTransferReasonVS,EMS Reason for Interfacility Transfer,"NEMSIS eSituation.20 - The clinical reason for an interfacility transfer or transport.",,"Internal"
https://fhirems.github.io/fhirEMSCoreIG/ValueSet/vs-ems-transport-delay,0.2.0,active,"2.25.219926138944530828037824748808947630693.2.119",EMSTransportDelayVS,EMS Type of Transport Delay,"NEMSIS eResponse.11 - Types of delay during transport.","StructureDefinition/ext-ems-response-delays","Internal"
https://fhirems.github.io/fhirEMSCoreIG/ValueSet/vs-ems-transport-disposition,0.2.0,active,"2.25.219926138944530828037824748808947630693.2.120",EMSTransportDispositionVS,EMS Transport Disposition,"NEMSIS eDisposition.30 - Whether/how the patient was transported.","StructureDefinition/ext-ems-disposition-codes,StructureDefinition/ext-ems-transport-reason","Internal"
https://fhirems.github.io/fhirEMSCoreIG/ValueSet/vs-ems-transport-method,0.2.0,active,"2.25.219926138944530828037824748808947630693.2.121",EMSTransportMethodVS,EMS Transport Method,"NEMSIS eDisposition.16 - The vehicle/mode used to transport the patient.","StructureDefinition/ext-ems-transport-details","Internal"
https://fhirems.github.io/fhirEMSCoreIG/ValueSet/vs-ems-transport-mode,0.2.0,active,"2.25.219926138944530828037824748808947630693.2.122",EMSTransportModeVS,EMS Transport Mode from Scene,"NEMSIS eDisposition.17 - Emergent vs non-emergent transport mode from scene.","StructureDefinition/ext-ems-transport-details","Internal"
https://fhirems.github.io/fhirEMSCoreIG/ValueSet/vs-ems-trauma-triage-high-risk,0.2.0,active,"2.25.219926138944530828037824748808947630693.2.123",EMSTraumaTriageHighRiskVS,EMS Trauma Triage High Risk VS,"Trauma triage criteria indicating high risk for serious injury — CDC Field Triage Guideline red criteria (injury patterns and physiologic instability) (eInjury.03).","StructureDefinition/ext-ems-injury-context","Internal"
https://fhirems.github.io/fhirEMSCoreIG/ValueSet/vs-ems-trauma-triage-moderate-risk,0.2.0,active,"2.25.219926138944530828037824748808947630693.2.124",EMSTraumaTriageModerateRiskVS,EMS Trauma Triage Moderate Risk VS,"Trauma triage criteria indicating moderate risk for serious injury — CDC Field Triage Guideline yellow criteria (mechanism of injury and EMS judgment) (eInjury.04).","StructureDefinition/ext-ems-injury-context","Internal"
https://fhirems.github.io/fhirEMSCoreIG/ValueSet/vs-ems-turn-around-delay,0.2.0,active,"2.25.219926138944530828037824748808947630693.2.125",EMSTurnAroundDelayVS,EMS Type of Turn-Around Delay,"NEMSIS eResponse.12 - Types of delay returning to service after transport.","StructureDefinition/ext-ems-response-delays","Internal"
https://fhirems.github.io/fhirEMSCoreIG/ValueSet/vs-ems-unit-disposition,0.2.0,active,"2.25.219926138944530828037824748808947630693.2.126",EMSUnitDispositionVS,EMS Unit Disposition,"NEMSIS eDisposition.27 - Whether/how the unit made patient contact.","StructureDefinition/ext-ems-disposition-codes","Internal"
https://fhirems.github.io/fhirEMSCoreIG/ValueSet/vs-ems-unit-type,0.2.0,active,"2.25.219926138944530828037824748808947630693.2.127",EMSUnitTypeVS,EMS Unit Type (ValueSet),"NEMSIS eResponse.07 - The type of EMS vehicle/unit.","StructureDefinition/ext-ems-unit-type","Internal"
https://fhirems.github.io/fhirEMSCoreIG/ValueSet/vs-ems-vascular-access-location,0.2.0,active,"2.25.219926138944530828037824748808947630693.2.128",EMSVascularAccessLocationVS,EMS Vascular Access Location,"NEMSIS eProcedures.13 - Anatomical site of vascular access (IV/IO line).","StructureDefinition/ems-procedure","Internal"
https://fhirems.github.io/fhirEMSCoreIG/ValueSet/vs-ems-vehicle-type,0.2.0,active,"2.25.219926138944530828037824748808947630693.2.129",EMSVehicleTypeVS,EMS Vehicle Type,"NEMSIS dVehicle.04 - The type of EMS vehicle.","StructureDefinition/ems-device-vehicle","Internal"
https://fhirems.github.io/fhirEMSCoreIG/ValueSet/vs-ems-work-injury-exposure,0.2.0,active,"2.25.219926138944530828037824748808947630693.2.139",EMSWorkInjuryExposureVS,EMS WorkInjuryExposure VS,"Type of crew work-related injury, death, or suspected exposure (eOther.06).","StructureDefinition/ext-ems-crew-safety","Internal"
